plague_folder,subfolder,filename,eppo_code,source_url,courtesy,tag_eppo,downloaded_at
14_botritis,dano_moho_gris,BOTRCI_danomohogris_002.jpg,BOTRCI,https://gd.eppo.int/media/data/taxon/B/BOTRCI/pics//1024x0/19488.jpg,Dr. Valentino De Rosa,Diagnostic,2026-07-21T15:42:05Z
14_botritis,dano_moho_gris,BOTRCI_danomohogris_003.jpg,BOTRCI,https://gd.eppo.int/media/data/taxon/B/BOTRCI/pics//1024x0/19485.jpg,Dr. Valentino De Rosa,Diagnostic,2026-07-21T15:42:08Z
14_botritis,dano_moho_gris,BOTRCI_danomohogris_004.jpg,BOTRCI,https://gd.eppo.int/media/data/taxon/B/BOTRCI/pics//1024x0/20133.jpg,Kostas Anastasopoulos (Department of Agriculturem I.H.U),Symptoms,2026-07-21T15:42:12Z
14_botritis,dano_moho_gris,BOTRCI_danomohogris_005.jpg,BOTRCI,https://gd.eppo.int/media/data/taxon/B/BOTRCI/pics//1024x0/20193.jpg,Kostas Anastasopoulos (Department of Agriculturem I.H.U),Symptoms,2026-07-21T15:42:15Z
01_trips,adulto,FRANOC_adulto_007.jpg,FRANOC,https://gd.eppo.int/media/data/taxon/F/FRANOC/pics//1024x0/8867.jpg,Blandine Delbourse - Point of Entry Roissy CDG airport (FR),Adult,2026-07-21T15:43:42Z
01_trips,adulto,FRANOC_adulto_008.jpg,FRANOC,https://gd.eppo.int/media/data/taxon/F/FRANOC/pics//1024x0/8869.jpg,Blandine Delbourse - Point of Entry Roissy CDG airport (FR),Adult,2026-07-21T15:43:44Z
01_trips,adulto,FRANOC_adulto_009.jpg,FRANOC,https://gd.eppo.int/media/data/taxon/F/FRANOC/pics//1024x0/8868.jpg,Blandine Delbourse - Point of Entry Roissy CDG airport (FR),Adult,2026-07-21T15:43:46Z
01_trips,adulto,FRANOC_adulto_010.jpg,FRANOC,https://gd.eppo.int/media/data/taxon/F/FRANOC/pics//1024x0/14520.jpg,Blandine Delbourse - Point of Entry Roissy CDG airport (FR),Adult,2026-07-21T15:43:49Z
01_trips,adulto,FRANOC_adulto_011.jpg,FRANOC,https://gd.eppo.int/media/data/taxon/F/FRANOC/pics//1024x0/14265.jpg,Blandine Delbourse - Point of Entry Roissy CDG airport (FR),Larva,2026-07-21T15:43:51Z
01_trips,adulto,FRANOC_adulto_012.jpg,FRANOC,https://gd.eppo.int/media/data/taxon/F/FRANOC/pics//1024x0/14266.jpg,Blandine Delbourse - Point of Entry Roissy CDG airport (FR),Larva,2026-07-21T15:43:53Z
01_trips,adulto,FRANOC_adulto_013.jpg,FRANOC,https://gd.eppo.int/media/data/taxon/F/FRANOC/pics//1024x0/13702.jpg,Blandine Delbourse - Point of Entry Roissy CDG airport (FR),Larva,2026-07-21T15:43:55Z
01_trips,dano_plateado,FRANOC_danoplateado_004.jpg,FRANOC,https://gd.eppo.int/media/data/taxon/F/FRANOC/pics//1024x0/19984.jpg,"Evgenia Sarakatsani, PhD",Damage,2026-07-21T15:43:57Z
01_trips,adulto,FRANOC_adulto_014.jpg,FRANOC,https://gd.eppo.int/media/data/taxon/F/FRANOC/pics//1024x0/13938.jpg,Blandine Delbourse - Point of Entry Roissy CDG airport (FR),Larva,2026-07-21T15:43:59Z
01_trips,adulto,FRANOC_adulto_015.jpg,FRANOC,https://gd.eppo.int/media/data/taxon/F/FRANOC/pics//1024x0/14519.jpg,Blandine Delbourse - Point of Entry Roissy CDG airport (FR),Adult,2026-07-21T15:44:02Z
01_trips,adulto,FRANOC_adulto_016.jpg,FRANOC,https://gd.eppo.int/media/data/taxon/F/FRANOC/pics//1024x0/760.jpg,"P.M.J Ramakers - PTG, Naaldwijk (NL)",Adult,2026-07-21T15:44:06Z
01_trips,adulto,FRANOC_adulto_017.jpg,FRANOC,https://gd.eppo.int/media/data/taxon/F/FRANOC/pics//1024x0/757.jpg,"P.M.J Ramakers - PTG, Naaldwijk (NL)",Diagnostic,2026-07-21T15:44:12Z
01_trips,dano_plateado,FRANOC_danoplateado_005.jpg,FRANOC,https://gd.eppo.int/media/data/taxon/F/FRANOC/pics//1024x0/759.jpg,"P.M.J Ramakers - PTG, Naaldwijk (NL)",Damage,2026-07-21T15:44:15Z
01_trips,dano_plateado,FRANOC_danoplateado_006.jpg,FRANOC,https://gd.eppo.int/media/data/taxon/F/FRANOC/pics//1024x0/758.jpg,"P.M.J Ramakers - PTG, Naaldwijk (NL)",Damage,2026-07-21T15:44:17Z
01_trips,adulto,FRANOC_adulto_018.jpg,FRANOC,https://gd.eppo.int/media/data/taxon/F/FRANOC/pics//1024x0/761.jpg,"P.M.J Ramakers - PTG, Naaldwijk (NL)",Diagnostic,2026-07-21T15:44:20Z
02_tuta,larva,GNORAB_larva_025.jpg,GNORAB,https://gd.eppo.int/media/data/taxon/G/GNORAB/pics//1024x0/4139.jpg,Dr Francesco Maugeri,Larva,2026-07-21T15:44:24Z
02_tuta,larva,GNORAB_larva_026.jpg,GNORAB,https://gd.eppo.int/media/data/taxon/G/GNORAB/pics//1024x0/4136.jpg,Dr Francesco Maugeri,Larva,2026-07-21T15:44:26Z
02_tuta,huevo,GNORAB_huevo_005.jpg,GNORAB,https://gd.eppo.int/media/data/taxon/G/GNORAB/pics//1024x0/4130.jpg,Dr Francesco Maugeri,Egg,2026-07-21T15:44:28Z
02_tuta,dano_galeria_hoja,GNORAB_danogaleriahoja_018.jpg,GNORAB,https://gd.eppo.int/media/data/taxon/G/GNORAB/pics//1024x0/5203.jpg,Dr Francesco Maugeri,Damage,2026-07-21T15:44:30Z
02_tuta,larva,GNORAB_larva_027.jpg,GNORAB,https://gd.eppo.int/media/data/taxon/G/GNORAB/pics//1024x0/10417.jpg,Frank Eduardo Rodríguez Ramírez,Larva,2026-07-21T15:44:32Z
02_tuta,dano_galeria_hoja,GNORAB_danogaleriahoja_019.jpg,GNORAB,https://gd.eppo.int/media/data/taxon/G/GNORAB/pics//1024x0/14379.jpg,Wietse den Hartog NVWA (NPPO the Netherlands),Damage,2026-07-21T15:44:35Z
02_tuta,dano_galeria_hoja,GNORAB_danogaleriahoja_020.jpg,GNORAB,https://gd.eppo.int/media/data/taxon/G/GNORAB/pics//1024x0/14380.jpg,Wietse den Hartog NVWA (NPPO the Netherlands),Damage,2026-07-21T15:44:37Z
02_tuta,dano_galeria_hoja,GNORAB_danogaleriahoja_021.jpg,GNORAB,https://gd.eppo.int/media/data/taxon/G/GNORAB/pics//1024x0/14381.jpg,Wietse den Hartog NVWA (NPPO the Netherlands),Damage,2026-07-21T15:44:39Z
02_tuta,pupa,GNORAB_pupa_008.jpg,GNORAB,https://gd.eppo.int/media/data/taxon/G/GNORAB/pics//1024x0/14373.jpg,Wietse den Hartog NVWA (NPPO the Netherlands),Pupa,2026-07-21T15:44:42Z
02_tuta,dano_galeria_hoja,GNORAB_danogaleriahoja_022.jpg,GNORAB,https://gd.eppo.int/media/data/taxon/G/GNORAB/pics//1024x0/14377.jpg,Wietse den Hartog NVWA (NPPO the Netherlands),Damage,2026-07-21T15:44:45Z
02_tuta,dano_galeria_hoja,GNORAB_danogaleriahoja_023.jpg,GNORAB,https://gd.eppo.int/media/data/taxon/G/GNORAB/pics//1024x0/14376.jpg,Wietse den Hartog NVWA (NPPO the Netherlands),Damage,2026-07-21T15:44:47Z
02_tuta,dano_galeria_hoja,GNORAB_danogaleriahoja_024.jpg,GNORAB,https://gd.eppo.int/media/data/taxon/G/GNORAB/pics//1024x0/14378.jpg,Wietse den Hartog NVWA (NPPO the Netherlands),Damage,2026-07-21T15:44:50Z
02_tuta,dano_galeria_hoja,GNORAB_danogaleriahoja_025.jpg,GNORAB,https://gd.eppo.int/media/data/taxon/G/GNORAB/pics//1024x0/14090.jpg,Jurabek Nodirjonovich Yakhyoyev (Institute of Zoology of the Academy of Sciences of the Republic of Uzbekistan),"Damage, Adult",2026-07-21T15:44:53Z
02_tuta,dano_galeria_hoja,GNORAB_danogaleriahoja_026.jpg,GNORAB,https://gd.eppo.int/media/data/taxon/G/GNORAB/pics//1024x0/14092.jpg,Jurabek Nodirjonovich Yakhyoyev (Institute of Zoology of the Academy of Sciences of the Republic of Uzbekistan),"Damage, Larva",2026-07-21T15:44:55Z
02_tuta,dano_galeria_hoja,GNORAB_danogaleriahoja_027.jpg,GNORAB,https://gd.eppo.int/media/data/taxon/G/GNORAB/pics//1024x0/14091.jpg,Jurabek Nodirjonovich Yakhyoyev (Institute of Zoology of the Academy of Sciences of the Republic of Uzbekistan),"Damage, Larva",2026-07-21T15:44:57Z
02_tuta,dano_galeria_hoja,GNORAB_danogaleriahoja_028.jpg,GNORAB,https://gd.eppo.int/media/data/taxon/G/GNORAB/pics//1024x0/14089.jpg,Jurabek Nodirjonovich Yakhyoyev (Institute of Zoology of the Academy of Sciences of the Republic of Uzbekistan),"Damage, Adult",2026-07-21T15:44:59Z
02_tuta,adulto,GNORAB_adulto_009.jpg,GNORAB,https://gd.eppo.int/media/data/taxon/G/GNORAB/pics//1024x0/14093.jpg,Jurabek Nodirjonovich Yakhyoyev (Institute of Zoology of the Academy of Sciences of the Republic of Uzbekistan),Adult,2026-07-21T15:45:02Z
02_tuta,larva,GNORAB_larva_028.jpg,GNORAB,https://gd.eppo.int/media/data/taxon/G/GNORAB/pics//1024x0/14088.jpg,Jurabek Nodirjonovich Yakhyoyev (Institute of Zoology of the Academy of Sciences of the Republic of Uzbekistan),Larva,2026-07-21T15:45:04Z
02_tuta,dano_galeria_hoja,GNORAB_danogaleriahoja_029.jpg,GNORAB,https://gd.eppo.int/media/data/taxon/G/GNORAB/pics//1024x0/14087.jpg,Jurabek Nodirjonovich Yakhyoyev (Institute of Zoology of the Academy of Sciences of the Republic of Uzbekistan),Damage,2026-07-21T15:45:06Z
02_tuta,dano_galeria_hoja,GNORAB_danogaleriahoja_030.jpg,GNORAB,https://gd.eppo.int/media/data/taxon/G/GNORAB/pics//1024x0/14086.jpg,Jurabek Nodirjonovich Yakhyoyev (Institute of Zoology of the Academy of Sciences of the Republic of Uzbekistan),Damage,2026-07-21T15:45:10Z
02_tuta,huevo,GNORAB_huevo_006.jpg,GNORAB,https://gd.eppo.int/media/data/taxon/G/GNORAB/pics//1024x0/10742.jpg,Nerlus Gautier SOPKOUTIE KENGNI ,Tuta absoluta on a tomato leaf,2026-07-21T15:45:12Z
02_tuta,pupa,GNORAB_pupa_009.jpg,GNORAB,https://gd.eppo.int/media/data/taxon/G/GNORAB/pics//1024x0/16338.jpg,Wietse den Hartog NVWA (NPPO the Netherlands),Pupa,2026-07-21T15:45:14Z
02_tuta,pupa,GNORAB_pupa_010.jpg,GNORAB,https://gd.eppo.int/media/data/taxon/G/GNORAB/pics//1024x0/16339.jpg,Wietse den Hartog NVWA (NPPO the Netherlands),Pupa,2026-07-21T15:45:16Z
02_tuta,larva,GNORAB_larva_029.jpg,GNORAB,https://gd.eppo.int/media/data/taxon/G/GNORAB/pics//1024x0/17799.jpg,"Vasco Francisco
ANADIAG PT",Larva,2026-07-21T15:45:18Z
02_tuta,larva,GNORAB_larva_030.jpg,GNORAB,https://gd.eppo.int/media/data/taxon/G/GNORAB/pics//1024x0/16225.jpg,"Sylwia Żarnecka, Poznań Voivodeship Plant Health and Seed
Inspection Service, Poland",Larva,2026-07-21T15:45:20Z
02_tuta,huevo,GNORAB_huevo_007.jpg,GNORAB,https://gd.eppo.int/media/data/taxon/G/GNORAB/pics//1024x0/831.jpg,"Dr Andrea Minuto, CERSAA, Albenga (IT).",Mass trapping of Tuta absoluta.,2026-07-21T15:45:23Z
02_tuta,huevo,GNORAB_huevo_008.jpg,GNORAB,https://gd.eppo.int/media/data/taxon/G/GNORAB/pics//1024x0/807.jpg,Prof. Yamina Guenaoui and Amine Ghelamallah. University of Mostaganem (DZ).,Egg,2026-07-21T15:45:25Z
02_tuta,huevo,GNORAB_huevo_009.jpg,GNORAB,https://gd.eppo.int/media/data/taxon/G/GNORAB/pics//1024x0/826.jpg," JM Cobos Suarez, Ministerio de Medio Ambiente y Medio Rural y Marino, Madrid (ES).",Egg,2026-07-21T15:45:28Z
02_tuta,huevo,GNORAB_huevo_010.jpg,GNORAB,https://gd.eppo.int/media/data/taxon/G/GNORAB/pics//1024x0/837.jpg,"Dr Raffaele Giurato, Vittoria (IT).",Mass trapping of Tuta absoluta.,2026-07-21T15:45:30Z
02_tuta,huevo,GNORAB_huevo_011.jpg,GNORAB,https://gd.eppo.int/media/data/taxon/G/GNORAB/pics//1024x0/798.jpg,Prof. Yamina Guenaoui and Amine Ghelamallah. University of Mostaganem (DZ).,Egg,2026-07-21T15:45:32Z
02_tuta,adulto,GNORAB_adulto_010.jpg,GNORAB,https://gd.eppo.int/media/data/taxon/G/GNORAB/pics//1024x0/802.jpg,Prof. Yamina Guenaoui and Amine Ghelamallah. University of Mostaganem (DZ).,Adult,2026-07-21T15:45:34Z
02_tuta,adulto,GNORAB_adulto_011.jpg,GNORAB,https://gd.eppo.int/media/data/taxon/G/GNORAB/pics//1024x0/840.jpg,"Marja van der Straten, National Reference Centre, Plant Protection Service Wageningen (NL).",Adult,2026-07-21T15:45:36Z
02_tuta,pupa,GNORAB_pupa_011.jpg,GNORAB,https://gd.eppo.int/media/data/taxon/G/GNORAB/pics//1024x0/810.jpg,Prof. Yamina Guenaoui and Amine Ghelamallah. University of Mostaganem (DZ).,Pupa,2026-07-21T15:45:39Z
02_tuta,adulto,GNORAB_adulto_012.jpg,GNORAB,https://gd.eppo.int/media/data/taxon/G/GNORAB/pics//1024x0/821.jpg," JM Cobos Suarez, Ministerio de Medio Ambiente y Medio Rural y Marino, Madrid (ES).",Adult,2026-07-21T15:45:41Z
02_tuta,pupa,GNORAB_pupa_012.jpg,GNORAB,https://gd.eppo.int/media/data/taxon/G/GNORAB/pics//1024x0/809.jpg,Prof. Yamina Guenaoui and Amine Ghelamallah. University of Mostaganem (DZ).,Pupa,2026-07-21T15:45:44Z
02_tuta,huevo,GNORAB_huevo_012.jpg,GNORAB,https://gd.eppo.int/media/data/taxon/G/GNORAB/pics//1024x0/814.jpg,"Jean-François Germain, Plant Health Laboratory, Montpellier (FR).",Diagnostic,2026-07-21T15:45:47Z
02_tuta,adulto,GNORAB_adulto_013.jpg,GNORAB,https://gd.eppo.int/media/data/taxon/G/GNORAB/pics//1024x0/819.jpg,"JM Cobos Suarez, Ministerio de Medio Ambiente y Medio Rural y Marino, Madrid (ES).",Adult,2026-07-21T15:45:50Z
02_tuta,pupa,GNORAB_pupa_013.jpg,GNORAB,https://gd.eppo.int/media/data/taxon/G/GNORAB/pics//1024x0/845.jpg,"Marja van der Straten, National Reference Centre, Plant Protection Service Wageningen (NL).",Pupa,2026-07-21T15:45:54Z
02_tuta,pupa,GNORAB_pupa_014.jpg,GNORAB,https://gd.eppo.int/media/data/taxon/G/GNORAB/pics//1024x0/829.jpg," JM Cobos Suarez, Ministerio de Medio Ambiente y Medio Rural y Marino, Madrid (ES).",Pupa,2026-07-21T15:45:56Z
02_tuta,adulto,GNORAB_adulto_014.jpg,GNORAB,https://gd.eppo.int/media/data/taxon/G/GNORAB/pics//1024x0/847.jpg,Prof. Yamina Guenaoui and Amine Ghelamallah. University of Mostaganem (DZ).,Adult,2026-07-21T15:45:58Z
02_tuta,pupa,GNORAB_pupa_015.jpg,GNORAB,https://gd.eppo.int/media/data/taxon/G/GNORAB/pics//1024x0/842.jpg,"Marja van der Straten, National Reference Centre, Plant Protection Service Wageningen (NL).",Pupa,2026-07-21T15:46:00Z
02_tuta,huevo,GNORAB_huevo_013.jpg,GNORAB,https://gd.eppo.int/media/data/taxon/G/GNORAB/pics//1024x0/844.jpg,"Marja van der Straten, National Reference Centre, Plant Protection Service Wageningen (NL).",Diagnostic,2026-07-21T15:46:03Z
03_mosca_blanca,ninfa_pupa,BEMITA_ninfapupa_009.jpg,BEMITA,https://gd.eppo.int/media/data/taxon/B/BEMITA/pics//1024x0/2398.jpg,Varga András Retired agricultural mycologist (amateur photographer) Hungary,"Pupa, Larva",2026-07-21T15:46:07Z
03_mosca_blanca,adulto,BEMITA_adulto_015.jpg,BEMITA,https://gd.eppo.int/media/data/taxon/B/BEMITA/pics//1024x0/2401.jpg,Varga András Retired agricultural mycologist (amateur photographer) Hungary,Adult,2026-07-21T15:46:09Z
03_mosca_blanca,adulto,BEMITA_adulto_016.jpg,BEMITA,https://gd.eppo.int/media/data/taxon/B/BEMITA/pics//1024x0/2400.jpg,Varga András Retired agricultural mycologist (amateur photographer) Hungary,Egg,2026-07-21T15:46:11Z
03_mosca_blanca,adulto,BEMITA_adulto_017.jpg,BEMITA,https://gd.eppo.int/media/data/taxon/B/BEMITA/pics//1024x0/2399.jpg,Varga András Retired agricultural mycologist (amateur photographer) Hungary,Egg,2026-07-21T15:46:13Z
03_mosca_blanca,adulto,BEMITA_adulto_018.jpg,BEMITA,https://gd.eppo.int/media/data/taxon/B/BEMITA/pics//1024x0/3823.jpg,"Sandy Rajon - Julian Rodriguez, BIP Roissy CDG (FR)",Larva,2026-07-21T15:46:15Z
03_mosca_blanca,adulto,BEMITA_adulto_019.jpg,BEMITA,https://gd.eppo.int/media/data/taxon/B/BEMITA/pics//1024x0/2397.jpg,Varga András Retired agricultural mycologist (amateur photographer) Hungary,Adult,2026-07-21T15:46:17Z
03_mosca_blanca,adulto,BEMITA_adulto_020.jpg,BEMITA,https://gd.eppo.int/media/data/taxon/B/BEMITA/pics//1024x0/8596.jpg,Wietse den Hartog NVWA (NPPO the Netherlands),Larva,2026-07-21T15:46:19Z
03_mosca_blanca,adulto,BEMITA_adulto_021.jpg,BEMITA,https://gd.eppo.int/media/data/taxon/B/BEMITA/pics//1024x0/8593.jpg,Wietse den Hartog NVWA (NPPO the Netherlands),Larva,2026-07-21T15:46:21Z
03_mosca_blanca,ninfa_pupa,BEMITA_ninfapupa_010.jpg,BEMITA,https://gd.eppo.int/media/data/taxon/B/BEMITA/pics//1024x0/8592.jpg,Wietse den Hartog NVWA (NPPO the Netherlands),"Pupa, Larva",2026-07-21T15:46:24Z
03_mosca_blanca,adulto,BEMITA_adulto_022.jpg,BEMITA,https://gd.eppo.int/media/data/taxon/B/BEMITA/pics//1024x0/12352.jpg,Blandine Delbourse - Point of Entry Roissy CDG airport (FR) ,Larva,2026-07-21T15:46:26Z
03_mosca_blanca,adulto,BEMITA_adulto_023.jpg,BEMITA,https://gd.eppo.int/media/data/taxon/B/BEMITA/pics//1024x0/12351.jpg,Blandine Delbourse - Point of Entry Roissy CDG airport (FR) ,Larva,2026-07-21T15:46:29Z
03_mosca_blanca,adulto,BEMITA_adulto_024.jpg,BEMITA,https://gd.eppo.int/media/data/taxon/B/BEMITA/pics//1024x0/8594.jpg,Wietse den Hartog NVWA (NPPO the Netherlands),"Adult, Larva",2026-07-21T15:46:31Z
03_mosca_blanca,adulto,BEMITA_adulto_025.jpg,BEMITA,https://gd.eppo.int/media/data/taxon/B/BEMITA/pics//1024x0/8595.jpg,Wietse den Hartog NVWA (NPPO the Netherlands),"Adult, Larva",2026-07-21T15:46:33Z
03_mosca_blanca,adulto,BEMITA_adulto_026.jpg,BEMITA,https://gd.eppo.int/media/data/taxon/B/BEMITA/pics//1024x0/13615.jpg,Blandine Delbourse - Point of Entry Roissy CDG airport (FR) ,Larva,2026-07-21T15:46:35Z
03_mosca_blanca,adulto,BEMITA_adulto_027.jpg,BEMITA,https://gd.eppo.int/media/data/taxon/B/BEMITA/pics//1024x0/13616.jpg,Blandine Delbourse - Point of Entry Roissy CDG airport (FR) ,Larva,2026-07-21T15:46:38Z
03_mosca_blanca,adulto,BEMITA_adulto_028.jpg,BEMITA,https://gd.eppo.int/media/data/taxon/B/BEMITA/pics//1024x0/16048.jpg,Valentino De Rosa,Adult,2026-07-21T15:46:40Z
03_mosca_blanca,adulto,BEMITA_adulto_029.jpg,BEMITA,https://gd.eppo.int/media/data/taxon/B/BEMITA/pics//1024x0/16050.jpg,Valentino De Rosa,Adult,2026-07-21T15:46:43Z
03_mosca_blanca,adulto,BEMITA_adulto_030.jpg,BEMITA,https://gd.eppo.int/media/data/taxon/B/BEMITA/pics//1024x0/16051.jpg,Valentino De Rosa,Adult,2026-07-21T15:46:45Z
03_mosca_blanca,ninfa_pupa,BEMITA_ninfapupa_011.jpg,BEMITA,https://gd.eppo.int/media/data/taxon/B/BEMITA/pics//1024x0/293.jpg,"Pflanzenschutzamt Saarbrücken, Germany.",Pupa,2026-07-21T15:46:47Z
03_mosca_blanca,ninfa_pupa,BEMITA_ninfapupa_012.jpg,BEMITA,https://gd.eppo.int/media/data/taxon/B/BEMITA/pics//1024x0/281.jpg,"Central Science Laboratory, York, United Kingdom.",Pupa,2026-07-21T15:46:49Z
03_mosca_blanca,ninfa_pupa,BEMITA_ninfapupa_013.jpg,BEMITA,https://gd.eppo.int/media/data/taxon/B/BEMITA/pics//1024x0/284.jpg,"W. Billen - Pflanzenbeschaustelle, Weil am Rhein, Germany.","Pupa, Diagnostic",2026-07-21T15:46:51Z
03_mosca_blanca,ninfa_pupa,BEMITA_ninfapupa_014.jpg,BEMITA,https://gd.eppo.int/media/data/taxon/B/BEMITA/pics//1024x0/290.jpg,"Central Science Laboratory, York, United Kingdom.",Pupa,2026-07-21T15:46:54Z
03_mosca_blanca,ninfa_pupa,BEMITA_ninfapupa_015.jpg,BEMITA,https://gd.eppo.int/media/data/taxon/B/BEMITA/pics//1024x0/282.jpg,"W. Billen - Pflanzenbeschaustelle, Weil am Rhein, Germany.","Pupa, Diagnostic",2026-07-21T15:46:56Z
03_mosca_blanca,ninfa_pupa,BEMITA_ninfapupa_016.jpg,BEMITA,https://gd.eppo.int/media/data/taxon/B/BEMITA/pics//1024x0/288.jpg,"W. Billen - Pflanzenbeschaustelle, Weil am Rhein, Germany.",Pupa,2026-07-21T15:46:58Z
05_arana_roja,dano_punteado,TETRUR_danopunteado_005.jpg,TETRUR,https://gd.eppo.int/media/data/taxon/T/TETRUR/pics//1024x0/17333.jpg,Dr. Valentino De Rosa,Damage,2026-07-21T15:47:04Z
05_arana_roja,dano_punteado,TETRUR_danopunteado_006.jpg,TETRUR,https://gd.eppo.int/media/data/taxon/T/TETRUR/pics//1024x0/16952.jpg,Institut Agro Montpellier ,Adult female of Neoseiulus californicus preying on a two-spotted spider mite immature.,2026-07-21T15:47:06Z
05_arana_roja,acaro_adulto,TETRUR_acaroadulto_007.jpg,TETRUR,https://gd.eppo.int/media/data/taxon/T/TETRUR/pics//1024x0/16956.jpg,Institut Agro Montpellier,Adult,2026-07-21T15:47:09Z
05_arana_roja,acaro_adulto,TETRUR_acaroadulto_008.jpg,TETRUR,https://gd.eppo.int/media/data/taxon/T/TETRUR/pics//1024x0/16224.jpg,Matheus de Paula Gomes,Tetranychus urticae on leaves of Canavalia ensiformis (raised in the laboratory),2026-07-21T15:47:11Z
05_arana_roja,dano_punteado,TETRUR_danopunteado_007.jpg,TETRUR,https://gd.eppo.int/media/data/taxon/T/TETRUR/pics//1024x0/17335.jpg,Dr. Valentino De Rosa,Damage,2026-07-21T15:47:13Z
05_arana_roja,dano_punteado,TETRUR_danopunteado_008.jpg,TETRUR,https://gd.eppo.int/media/data/taxon/T/TETRUR/pics//1024x0/17332.jpg,Dr. Valentino De Rosa,Damage,2026-07-21T15:47:16Z
05_arana_roja,acaro_adulto,TETRUR_acaroadulto_009.jpg,TETRUR,https://gd.eppo.int/media/data/taxon/T/TETRUR/pics//1024x0/17331.jpg,Dr. Valentino De Rosa,"Adult, Larva, Egg",2026-07-21T15:47:18Z
05_arana_roja,acaro_adulto,TETRUR_acaroadulto_010.jpg,TETRUR,https://gd.eppo.int/media/data/taxon/T/TETRUR/pics//1024x0/17327.jpg,Dr. Valentino De Rosa,"Adult, Larva, Egg",2026-07-21T15:47:20Z
05_arana_roja,acaro_adulto,TETRUR_acaroadulto_011.jpg,TETRUR,https://gd.eppo.int/media/data/taxon/T/TETRUR/pics//1024x0/17328.jpg,Dr. Valentino De Rosa,"Adult, Larva, Egg",2026-07-21T15:47:22Z
05_arana_roja,acaro_adulto,TETRUR_acaroadulto_012.jpg,TETRUR,https://gd.eppo.int/media/data/taxon/T/TETRUR/pics//1024x0/17329.jpg,Dr. Valentino De Rosa,"Adult, Larva, Egg",2026-07-21T15:47:25Z
05_arana_roja,acaro_adulto,TETRUR_acaroadulto_013.jpg,TETRUR,https://gd.eppo.int/media/data/taxon/T/TETRUR/pics//1024x0/17330.jpg,Dr. Valentino De Rosa,"Adult, Larva, Egg",2026-07-21T15:47:28Z
05_arana_roja,dano_punteado,TETRUR_danopunteado_009.jpg,TETRUR,https://gd.eppo.int/media/data/taxon/T/TETRUR/pics//1024x0/17334.jpg,Dr. Valentino De Rosa,Damage,2026-07-21T15:47:30Z
09_oruga_helicoverpa,larva,HELIAR_larva_027.jpg,HELIAR,https://gd.eppo.int/media/data/taxon/H/HELIAR/pics//1024x0/19613.jpg,Baswaraj Bhede,Larva,2026-07-21T15:47:39Z
09_oruga_helicoverpa,larva,HELIAR_larva_028.jpg,HELIAR,https://gd.eppo.int/media/data/taxon/H/HELIAR/pics//1024x0/2595.jpg,Regina Sugayama,Larva,2026-07-21T15:47:41Z
09_oruga_helicoverpa,dano_fruto,HELIAR_danofruto_009.jpg,HELIAR,https://gd.eppo.int/media/data/taxon/H/HELIAR/pics//1024x0/2594.jpg,Regina Sugayama,Larva feeding on a seedling.,2026-07-21T15:47:43Z
09_oruga_helicoverpa,larva,HELIAR_larva_029.jpg,HELIAR,https://gd.eppo.int/media/data/taxon/H/HELIAR/pics//1024x0/2593.jpg,Regina Sugayama,Adult,2026-07-21T15:47:45Z
09_oruga_helicoverpa,larva,HELIAR_larva_030.jpg,HELIAR,https://gd.eppo.int/media/data/taxon/H/HELIAR/pics//1024x0/2592.jpg,Regina Sugayama,Adult,2026-07-21T15:47:48Z
09_oruga_helicoverpa,dano_fruto,HELIAR_danofruto_010.jpg,HELIAR,https://gd.eppo.int/media/data/taxon/H/HELIAR/pics//1024x0/11565.jpg,"Jean Michel Mei, Pascal Reynaud. BIP of Marseille seaport (FR)","Damage, Larva",2026-07-21T15:47:51Z
09_oruga_helicoverpa,dano_fruto,HELIAR_danofruto_011.jpg,HELIAR,https://gd.eppo.int/media/data/taxon/H/HELIAR/pics//1024x0/13556.jpg,Simone Formery and Blandine Delbourse - Point of Entry Roissy CDG airport (FR) ,"Damage, Larva",2026-07-21T15:47:53Z
09_oruga_helicoverpa,dano_fruto,HELIAR_danofruto_012.jpg,HELIAR,https://gd.eppo.int/media/data/taxon/H/HELIAR/pics//1024x0/13555.jpg,Simone Formery and Blandine Delbourse - Point of Entry Roissy CDG airport (FR) ,Damage,2026-07-21T15:47:56Z
09_oruga_helicoverpa,dano_fruto,HELIAR_danofruto_013.jpg,HELIAR,https://gd.eppo.int/media/data/taxon/H/HELIAR/pics//1024x0/14231.jpg,Blandine Delbourse - Point of Entry Roissy CDG airport (FR) ,"Damage, Larva",2026-07-21T15:47:58Z
09_oruga_helicoverpa,dano_fruto,HELIAR_danofruto_014.jpg,HELIAR,https://gd.eppo.int/media/data/taxon/H/HELIAR/pics//1024x0/14229.jpg,Blandine Delbourse  - Point of Entry Roissy CDG airport (FR) ,"Damage, Larva",2026-07-21T15:48:00Z
09_oruga_helicoverpa,dano_fruto,HELIAR_danofruto_015.jpg,HELIAR,https://gd.eppo.int/media/data/taxon/H/HELIAR/pics//1024x0/14230.jpg,Blandine Delbourse - Point of Entry Roissy CDG airport (FR) ,"Damage, Larva",2026-07-21T15:48:03Z
09_oruga_helicoverpa,dano_fruto,HELIAR_danofruto_016.jpg,HELIAR,https://gd.eppo.int/media/data/taxon/H/HELIAR/pics//1024x0/881.jpg,"Central Science Laboratory, York (GB) - British Crown.",Damage,2026-07-21T15:48:06Z
09_oruga_helicoverpa,dano_fruto,HELIAR_danofruto_017.jpg,HELIAR,https://gd.eppo.int/media/data/taxon/H/HELIAR/pics//1024x0/880.jpg,"SRPV, Ile de France (FR).","Damage, Larva",2026-07-21T15:48:08Z
11_chinche_verde,adulto,NEZAVI_adulto_009.jpg,NEZAVI,https://gd.eppo.int/media/data/taxon/N/NEZAVI/pics//1024x0/2696.jpg,"Wietse den Hartog
(NPPO of the Netherlands)",Larva,2026-07-21T15:48:14Z
11_chinche_verde,adulto,NEZAVI_adulto_010.jpg,NEZAVI,https://gd.eppo.int/media/data/taxon/N/NEZAVI/pics//1024x0/2693.jpg,"Wietse den Hartog
(NPPO of the Netherlands)",Larva,2026-07-21T15:48:16Z
11_chinche_verde,adulto,NEZAVI_adulto_011.jpg,NEZAVI,https://gd.eppo.int/media/data/taxon/N/NEZAVI/pics//1024x0/2691.jpg,"Wietse den Hartog
(NPPO of the Netherlands)",Adult,2026-07-21T15:48:17Z
11_chinche_verde,adulto,NEZAVI_adulto_012.jpg,NEZAVI,https://gd.eppo.int/media/data/taxon/N/NEZAVI/pics//1024x0/2694.jpg,"Wietse den Hartog
(NPPO of the Netherlands)","Adult, Larva",2026-07-21T15:48:20Z
11_chinche_verde,adulto,NEZAVI_adulto_013.jpg,NEZAVI,https://gd.eppo.int/media/data/taxon/N/NEZAVI/pics//1024x0/7721.jpg,Torsten van der Heyden,Adult,2026-07-21T15:48:23Z
11_chinche_verde,adulto,NEZAVI_adulto_014.jpg,NEZAVI,https://gd.eppo.int/media/data/taxon/N/NEZAVI/pics//1024x0/7722.jpg,Torsten van der Heyden,Adult,2026-07-21T15:48:25Z
11_chinche_verde,adulto,NEZAVI_adulto_015.jpg,NEZAVI,https://gd.eppo.int/media/data/taxon/N/NEZAVI/pics//1024x0/2695.jpg,"Wietse den Hartog
(NPPO of the Netherlands)",Larva,2026-07-21T15:48:27Z
11_chinche_verde,adulto,NEZAVI_adulto_016.jpg,NEZAVI,https://gd.eppo.int/media/data/taxon/N/NEZAVI/pics//1024x0/2692.jpg,"Wietse den Hartog
(NPPO of the Netherlands)",Larva,2026-07-21T15:48:29Z
11_chinche_verde,adulto,NEZAVI_adulto_017.jpg,NEZAVI,https://gd.eppo.int/media/data/taxon/N/NEZAVI/pics//1024x0/11563.jpg,"Wietse den Hartog
(NPPO of the Netherlands)",Adult,2026-07-21T15:48:31Z
11_chinche_verde,adulto,NEZAVI_adulto_018.jpg,NEZAVI,https://gd.eppo.int/media/data/taxon/N/NEZAVI/pics//1024x0/11564.jpg,"Wietse den Hartog
(NPPO of the Netherlands)",Larva,2026-07-21T15:48:33Z
11_chinche_verde,dano_necrosis_fruto,NEZAVI_danonecrosisfruto_005.jpg,NEZAVI,https://gd.eppo.int/media/data/taxon/N/NEZAVI/pics//1024x0/11562.jpg,"Wietse den Hartog
(NPPO of the Netherlands)",Damage,2026-07-21T15:48:35Z
11_chinche_verde,adulto,NEZAVI_adulto_019.jpg,NEZAVI,https://gd.eppo.int/media/data/taxon/N/NEZAVI/pics//1024x0/19968.jpg,"Evgenia Sarakatsani, PhD 
(University of Palermo)",Adult,2026-07-21T15:48:36Z
11_chinche_verde,adulto,NEZAVI_adulto_020.jpg,NEZAVI,https://gd.eppo.int/media/data/taxon/N/NEZAVI/pics//1024x0/19982.jpg,"Evgenia Sarakatsani, PhD 
(University of Palermo)","Larva, Egg",2026-07-21T15:48:38Z
11_chinche_verde,adulto,NEZAVI_adulto_021.jpg,NEZAVI,https://gd.eppo.int/media/data/taxon/N/NEZAVI/pics//1024x0/17704.jpg,"Skender Ramadani
Neriman Ismajli
Bujar Ismaili","Adult, Larva",2026-07-21T15:48:40Z
11_chinche_verde,adulto,NEZAVI_adulto_022.jpg,NEZAVI,https://gd.eppo.int/media/data/taxon/N/NEZAVI/pics//1024x0/17412.jpg,Skender Ramadani ,"Larva, Egg",2026-07-21T15:48:41Z
11_chinche_verde,adulto,NEZAVI_adulto_023.jpg,NEZAVI,https://gd.eppo.int/media/data/taxon/N/NEZAVI/pics//1024x0/17410.jpg,Skender Ramadani ,Larva,2026-07-21T15:48:43Z
11_chinche_verde,dano_necrosis_fruto,NEZAVI_danonecrosisfruto_006.jpg,NEZAVI,https://gd.eppo.int/media/data/taxon/N/NEZAVI/pics//1024x0/17407.jpg,Skender Ramadani ,Damage,2026-07-21T15:48:44Z
11_chinche_verde,dano_necrosis_fruto,NEZAVI_danonecrosisfruto_007.jpg,NEZAVI,https://gd.eppo.int/media/data/taxon/N/NEZAVI/pics//1024x0/17406.jpg,Skender Ramadani ,Damage,2026-07-21T15:48:46Z
11_chinche_verde,dano_necrosis_fruto,NEZAVI_danonecrosisfruto_008.jpg,NEZAVI,https://gd.eppo.int/media/data/taxon/N/NEZAVI/pics//1024x0/17703.jpg,"Skender Ramadani
Bashkim Ramadani
Bujar Ismaili","Damage, Larva",2026-07-21T15:48:48Z
11_chinche_verde,adulto,NEZAVI_adulto_024.jpg,NEZAVI,https://gd.eppo.int/media/data/taxon/N/NEZAVI/pics//1024x0/17408.jpg,Skender Ramadani ,Adult,2026-07-21T15:48:50Z
12_mildiu,dano_necrosis_hoja,PHYTIN_danonecrosishoja_019.jpg,PHYTIN,https://gd.eppo.int/media/data/taxon/P/PHYTIN/pics//1024x0/20342.jpg,"Claudio Rafael Lillo Villaseca
Servicio Agrícola y Ganadero
SAG, Chile.",Diagnostic,2026-07-21T15:48:53Z
12_mildiu,dano_necrosis_hoja,PHYTIN_danonecrosishoja_020.jpg,PHYTIN,https://gd.eppo.int/media/data/taxon/P/PHYTIN/pics//1024x0/20341.jpg,"Claudio Rafael Lillo Villaseca
Servicio Agrícola y Ganadero
SAG, Chile.",Diagnostic,2026-07-21T15:48:54Z
12_mildiu,dano_necrosis_hoja,PHYTIN_danonecrosishoja_021.jpg,PHYTIN,https://gd.eppo.int/media/data/taxon/P/PHYTIN/pics//1024x0/20340.jpg,"Claudio Rafael Lillo Villaseca
Servicio Agrícola y Ganadero
SAG, Chile.",Symptoms,2026-07-21T15:48:56Z
12_mildiu,dano_necrosis_hoja,PHYTIN_danonecrosishoja_022.jpg,PHYTIN,https://gd.eppo.int/media/data/taxon/P/PHYTIN/pics//1024x0/20339.jpg,"Claudio Rafael Lillo Villaseca
Servicio Agrícola y Ganadero
SAG, Chile.",Diagnostic,2026-07-21T15:48:57Z
12_mildiu,dano_necrosis_hoja,PHYTIN_danonecrosishoja_023.jpg,PHYTIN,https://gd.eppo.int/media/data/taxon/P/PHYTIN/pics//1024x0/20338.jpg,"Claudio Rafael Lillo Villaseca
Servicio Agrícola y Ganadero
SAG, Chile.",Diagnostic,2026-07-21T15:48:59Z
12_mildiu,dano_necrosis_hoja,PHYTIN_danonecrosishoja_024.jpg,PHYTIN,https://gd.eppo.int/media/data/taxon/P/PHYTIN/pics//1024x0/2463.jpg,Carlos Alberto Coutinho Conceição,Symptoms,2026-07-21T15:49:00Z
12_mildiu,dano_necrosis_hoja,PHYTIN_danonecrosishoja_025.jpg,PHYTIN,https://gd.eppo.int/media/data/taxon/P/PHYTIN/pics//1024x0/2464.jpg,Carlos Alberto Coutinho Conceição,Symptoms,2026-07-21T15:49:02Z
12_mildiu,dano_necrosis_hoja,PHYTIN_danonecrosishoja_026.jpg,PHYTIN,https://gd.eppo.int/media/data/taxon/P/PHYTIN/pics//1024x0/3022.jpg,"Andrea Minuto - Centro di Saggio e Laboratorio Fitopatologico, CERSAA, Albenga (IT) ",Symptoms,2026-07-21T15:49:04Z
12_mildiu,dano_necrosis_hoja,PHYTIN_danonecrosishoja_027.jpg,PHYTIN,https://gd.eppo.int/media/data/taxon/P/PHYTIN/pics//1024x0/3018.jpg,"Andrea Minuto - Centro di Saggio e Laboratorio Fitopatologico, CERSAA, Albenga (IT) ",Symptoms,2026-07-21T15:49:05Z
12_mildiu,dano_necrosis_hoja,PHYTIN_danonecrosishoja_028.jpg,PHYTIN,https://gd.eppo.int/media/data/taxon/P/PHYTIN/pics//1024x0/3025.jpg,"Andrea Minuto - Centro di Saggio e Laboratorio Fitopatologico, CERSAA, Albenga (IT) ",Symptoms,2026-07-21T15:49:07Z
12_mildiu,dano_necrosis_hoja,PHYTIN_danonecrosishoja_029.jpg,PHYTIN,https://gd.eppo.int/media/data/taxon/P/PHYTIN/pics//1024x0/3023.jpg,"Andrea Minuto - Centro di Saggio e Laboratorio Fitopatologico, CERSAA, Albenga (IT) ",Symptoms,2026-07-21T15:49:09Z
12_mildiu,dano_necrosis_hoja,PHYTIN_danonecrosishoja_030.jpg,PHYTIN,https://gd.eppo.int/media/data/taxon/P/PHYTIN/pics//1024x0/3021.jpg,"Andrea Minuto - Centro di Saggio e Laboratorio Fitopatologico, CERSAA, Albenga (IT) ",Symptoms,2026-07-21T15:49:10Z
13_oidio,dano_micelio,LEVETA_danomicelio_001.jpg,LEVETA,https://gd.eppo.int/media/data/taxon/L/LEVETA/pics//1024x0/8905.jpg,Parthasarathy Seethapathy,Symptoms,2026-07-21T15:49:13Z
13_oidio,dano_micelio,LEVETA_danomicelio_002.jpg,LEVETA,https://gd.eppo.int/media/data/taxon/L/LEVETA/pics//1024x0/8904.jpg,Parthasarathy Seethapathy,Symptoms,2026-07-21T15:49:14Z
13_oidio,dano_micelio,LEVETA_danomicelio_003.jpg,LEVETA,https://gd.eppo.int/media/data/taxon/L/LEVETA/pics//1024x0/19101.jpg,Dr. Valentino De Rosa,Diagnostic,2026-07-21T15:49:16Z
13_oidio,dano_micelio,LEVETA_danomicelio_004.jpg,LEVETA,https://gd.eppo.int/media/data/taxon/L/LEVETA/pics//1024x0/15877.jpg,Thirunarayanan P,Symptoms,2026-07-21T15:49:17Z
13_oidio,dano_micelio,LEVETA_danomicelio_005.jpg,LEVETA,https://gd.eppo.int/media/data/taxon/L/LEVETA/pics//1024x0/15878.jpg,Thirunarayanan P,Symptoms,2026-07-21T15:49:19Z
13_oidio,dano_micelio,LEVETA_danomicelio_006.jpg,LEVETA,https://gd.eppo.int/media/data/taxon/L/LEVETA/pics//1024x0/15875.jpg,Thirunarayanan P,Symptoms,2026-07-21T15:49:21Z
13_oidio,dano_micelio,LEVETA_danomicelio_007.jpg,LEVETA,https://gd.eppo.int/media/data/taxon/L/LEVETA/pics//1024x0/15876.jpg,Thirunarayanan P,Symptoms,2026-07-21T15:49:23Z
13_oidio,dano_micelio,LEVETA_danomicelio_008.jpg,LEVETA,https://gd.eppo.int/media/data/taxon/L/LEVETA/pics//1024x0/19100.jpg,Dr. Valentino De Rosa,Diagnostic,2026-07-21T15:49:24Z
13_oidio,dano_micelio,LEVETA_danomicelio_009.jpg,LEVETA,https://gd.eppo.int/media/data/taxon/L/LEVETA/pics//1024x0/19099.jpg,Dr. Valentino De Rosa,Diagnostic,2026-07-21T15:49:26Z
13_oidio,dano_micelio,LEVETA_danomicelio_010.jpg,LEVETA,https://gd.eppo.int/media/data/taxon/L/LEVETA/pics//1024x0/19102.jpg,Dr. Valentino De Rosa,Symptoms,2026-07-21T15:49:28Z
13_oidio,dano_micelio,LEVETA_danomicelio_011.jpg,LEVETA,https://gd.eppo.int/media/data/taxon/L/LEVETA/pics//1024x0/19103.jpg,Dr. Valentino De Rosa,Symptoms,2026-07-21T15:49:30Z
13_oidio,dano_micelio,LEVETA_danomicelio_012.jpg,LEVETA,https://gd.eppo.int/media/data/taxon/L/LEVETA/pics//1024x0/19106.jpg,Dr. Valentino De Rosa,Symptoms,2026-07-21T15:49:32Z
13_oidio,dano_micelio,LEVETA_danomicelio_013.jpg,LEVETA,https://gd.eppo.int/media/data/taxon/L/LEVETA/pics//1024x0/19105.jpg,Dr. Valentino De Rosa,Symptoms,2026-07-21T15:49:33Z
13_oidio,dano_micelio,LEVETA_danomicelio_014.jpg,LEVETA,https://gd.eppo.int/media/data/taxon/L/LEVETA/pics//1024x0/19104.jpg,Dr. Valentino De Rosa,Symptoms,2026-07-21T15:49:35Z
13_oidio,dano_micelio,LEVETA_danomicelio_015.jpg,LEVETA,https://gd.eppo.int/media/data/taxon/L/LEVETA/pics//1024x0/19096.jpg,Dr. Valentino De Rosa,Diagnostic,2026-07-21T15:49:37Z
13_oidio,dano_micelio,LEVETA_danomicelio_016.jpg,LEVETA,https://gd.eppo.int/media/data/taxon/L/LEVETA/pics//1024x0/19098.jpg,Dr. Valentino De Rosa,Diagnostic,2026-07-21T15:49:39Z
14_botritis,dano_moho_gris,BOTRCI_danomohogris_006.jpg,BOTRCI,https://gd.eppo.int/media/data/taxon/B/BOTRCI/pics//1024x0/19488.jpg,Dr. Valentino De Rosa,Diagnostic,2026-07-21T15:49:41Z
14_botritis,dano_moho_gris,BOTRCI_danomohogris_007.jpg,BOTRCI,https://gd.eppo.int/media/data/taxon/B/BOTRCI/pics//1024x0/19485.jpg,Dr. Valentino De Rosa,Diagnostic,2026-07-21T15:49:43Z
14_botritis,dano_moho_gris,BOTRCI_danomohogris_008.jpg,BOTRCI,https://gd.eppo.int/media/data/taxon/B/BOTRCI/pics//1024x0/20133.jpg,Kostas Anastasopoulos (Department of Agriculturem I.H.U),Symptoms,2026-07-21T15:49:44Z
14_botritis,dano_moho_gris,BOTRCI_danomohogris_009.jpg,BOTRCI,https://gd.eppo.int/media/data/taxon/B/BOTRCI/pics//1024x0/20193.jpg,Kostas Anastasopoulos (Department of Agriculturem I.H.U),Symptoms,2026-07-21T15:49:46Z
14_botritis,dano_moho_gris,BOTRCI_danomohogris_010.jpg,BOTRCI,https://gd.eppo.int/media/data/taxon/B/BOTRCI/pics//1024x0/2556.jpg,"Andrea Minuto - Centro di Saggio e Laboratorio Fitopatologico, CERSAA, Albenga (IT)",Symptoms,2026-07-21T15:49:48Z
14_botritis,dano_moho_gris,BOTRCI_danomohogris_011.jpg,BOTRCI,https://gd.eppo.int/media/data/taxon/B/BOTRCI/pics//1024x0/2557.jpg,"Andrea Minuto - Centro di Saggio e Laboratorio Fitopatologico, CERSAA, Albenga (IT)",Symptoms,2026-07-21T15:49:49Z
14_botritis,dano_moho_gris,BOTRCI_danomohogris_012.jpg,BOTRCI,https://gd.eppo.int/media/data/taxon/B/BOTRCI/pics//1024x0/20194.jpg,Kostas Anastasopoulos (Department of Agriculturem I.H.U),Symptoms,2026-07-21T15:49:51Z
14_botritis,dano_moho_gris,BOTRCI_danomohogris_013.jpg,BOTRCI,https://gd.eppo.int/media/data/taxon/B/BOTRCI/pics//1024x0/3043.jpg,"Andrea Minuto - Centro di Saggio e Laboratorio Fitopatologico, CERSAA, Albenga (IT) ",Symptoms,2026-07-21T15:49:52Z
14_botritis,dano_moho_gris,BOTRCI_danomohogris_014.jpg,BOTRCI,https://gd.eppo.int/media/data/taxon/B/BOTRCI/pics//1024x0/3050.jpg,"Andrea Minuto - Centro di Saggio e Laboratorio Fitopatologico, CERSAA, Albenga (IT) ",Symptoms,2026-07-21T15:49:54Z
14_botritis,dano_moho_gris,BOTRCI_danomohogris_015.jpg,BOTRCI,https://gd.eppo.int/media/data/taxon/B/BOTRCI/pics//1024x0/3046.jpg,"Andrea Minuto - Centro di Saggio e Laboratorio Fitopatologico, CERSAA, Albenga (IT) ",Symptoms,2026-07-21T15:49:55Z
14_botritis,dano_moho_gris,BOTRCI_danomohogris_016.jpg,BOTRCI,https://gd.eppo.int/media/data/taxon/B/BOTRCI/pics//1024x0/3049.jpg,"Andrea Minuto - Centro di Saggio e Laboratorio Fitopatologico, CERSAA, Albenga (IT) ",Symptoms,2026-07-21T15:49:57Z
14_botritis,dano_moho_gris,BOTRCI_danomohogris_017.jpg,BOTRCI,https://gd.eppo.int/media/data/taxon/B/BOTRCI/pics//1024x0/3045.jpg,"Andrea Minuto - Centro di Saggio e Laboratorio Fitopatologico, CERSAA, Albenga (IT) ",Symptoms,2026-07-21T15:49:58Z
14_botritis,dano_moho_gris,BOTRCI_danomohogris_018.jpg,BOTRCI,https://gd.eppo.int/media/data/taxon/B/BOTRCI/pics//1024x0/3042.jpg,"Andrea Minuto - Centro di Saggio e Laboratorio Fitopatologico, CERSAA, Albenga (IT) ",Symptoms,2026-07-21T15:50:00Z
14_botritis,dano_moho_gris,BOTRCI_danomohogris_019.jpg,BOTRCI,https://gd.eppo.int/media/data/taxon/B/BOTRCI/pics//1024x0/3041.jpg,"Andrea Minuto - Centro di Saggio e Laboratorio Fitopatologico, CERSAA, Albenga (IT) ",Symptoms,2026-07-21T15:50:01Z
14_botritis,dano_moho_gris,BOTRCI_danomohogris_020.jpg,BOTRCI,https://gd.eppo.int/media/data/taxon/B/BOTRCI/pics//1024x0/3040.jpg,"Andrea Minuto - Centro di Saggio e Laboratorio Fitopatologico, CERSAA, Albenga (IT) ",Symptoms,2026-07-21T15:50:03Z
14_botritis,dano_moho_gris,BOTRCI_danomohogris_021.jpg,BOTRCI,https://gd.eppo.int/media/data/taxon/B/BOTRCI/pics//1024x0/3047.jpg,"Andrea Minuto - Centro di Saggio e Laboratorio Fitopatologico, CERSAA, Albenga (IT) ",Symptoms,2026-07-21T15:50:06Z
14_botritis,dano_moho_gris,BOTRCI_danomohogris_022.jpg,BOTRCI,https://gd.eppo.int/media/data/taxon/B/BOTRCI/pics//1024x0/3048.jpg,"Andrea Minuto - Centro di Saggio e Laboratorio Fitopatologico, CERSAA, Albenga (IT) ",Symptoms,2026-07-21T15:50:08Z
14_botritis,dano_moho_gris,BOTRCI_danomohogris_023.jpg,BOTRCI,https://gd.eppo.int/media/data/taxon/B/BOTRCI/pics//1024x0/8270.jpg,Dorina Pitorac,Symptoms,2026-07-21T15:50:12Z
14_botritis,dano_moho_gris,BOTRCI_danomohogris_024.jpg,BOTRCI,https://gd.eppo.int/media/data/taxon/B/BOTRCI/pics//1024x0/8269.jpg,Dorina Pitorac,Symptoms,2026-07-21T15:50:14Z
14_botritis,dano_moho_gris,BOTRCI_danomohogris_025.jpg,BOTRCI,https://gd.eppo.int/media/data/taxon/B/BOTRCI/pics//1024x0/8262.jpg,Dorina Pitorac,Symptoms,2026-07-21T15:50:16Z
14_botritis,dano_moho_gris,BOTRCI_danomohogris_026.jpg,BOTRCI,https://gd.eppo.int/media/data/taxon/B/BOTRCI/pics//1024x0/8263.jpg,Dorina Pitorac,Symptoms,2026-07-21T15:50:18Z
14_botritis,dano_moho_gris,BOTRCI_danomohogris_027.jpg,BOTRCI,https://gd.eppo.int/media/data/taxon/B/BOTRCI/pics//1024x0/8264.jpg,Dorina Pitorac,Symptoms,2026-07-21T15:50:20Z
14_botritis,dano_moho_gris,BOTRCI_danomohogris_028.jpg,BOTRCI,https://gd.eppo.int/media/data/taxon/B/BOTRCI/pics//1024x0/8265.jpg,Dorina Pitorac,Symptoms,2026-07-21T15:50:22Z
14_botritis,dano_moho_gris,BOTRCI_danomohogris_029.jpg,BOTRCI,https://gd.eppo.int/media/data/taxon/B/BOTRCI/pics//1024x0/8266.jpg,Dorina Pitorac,Symptoms,2026-07-21T15:50:23Z
14_botritis,dano_moho_gris,BOTRCI_danomohogris_030.jpg,BOTRCI,https://gd.eppo.int/media/data/taxon/B/BOTRCI/pics//1024x0/8268.jpg,Dorina Pitorac,Symptoms,2026-07-21T15:50:25Z
16_fusarium,dano_marchitez,FUSAOX_danomarchitez_001.jpg,FUSAOX,https://gd.eppo.int/media/data/taxon/F/FUSAOX/pics//1024x0/11660.jpg,Parthasarathy Seethapathy,Symptoms,2026-07-21T15:50:28Z
16_fusarium,dano_marchitez,FUSAOX_danomarchitez_002.jpg,FUSAOX,https://gd.eppo.int/media/data/taxon/F/FUSAOX/pics//1024x0/11661.jpg,Parthasarathy Seethapathy,Symptoms,2026-07-21T15:50:29Z
16_fusarium,dano_marchitez,FUSAOX_danomarchitez_003.jpg,FUSAOX,https://gd.eppo.int/media/data/taxon/F/FUSAOX/pics//1024x0/11659.jpg,Parthasarathy Seethapathy,Symptoms,2026-07-21T15:50:31Z
17_esclerotinia,dano_tallo_algodon,SCLESC_danotalloalgodon_025.jpg,SCLESC,https://gd.eppo.int/media/data/taxon/S/SCLESC/pics//1024x0/5510.jpg,Ebrahim Osdaghi,Field symptoms of sunflower white mold,2026-07-21T15:50:33Z
17_esclerotinia,dano_tallo_algodon,SCLESC_danotalloalgodon_026.jpg,SCLESC,https://gd.eppo.int/media/data/taxon/S/SCLESC/pics//1024x0/5516.jpg,Ebrahim Osdaghi,Sclerotium structure formed by the causal agent of sunflower white mold in the field conditions.,2026-07-21T15:50:34Z
17_esclerotinia,dano_tallo_algodon,SCLESC_danotalloalgodon_027.jpg,SCLESC,https://gd.eppo.int/media/data/taxon/S/SCLESC/pics//1024x0/5509.jpg,Ebrahim Osdaghi,Symptoms,2026-07-21T15:50:36Z
17_esclerotinia,dano_tallo_algodon,SCLESC_danotalloalgodon_028.jpg,SCLESC,https://gd.eppo.int/media/data/taxon/S/SCLESC/pics//1024x0/5514.jpg,Ebrahim Osdaghi,Symptoms,2026-07-21T15:50:38Z
17_esclerotinia,dano_tallo_algodon,SCLESC_danotalloalgodon_029.jpg,SCLESC,https://gd.eppo.int/media/data/taxon/S/SCLESC/pics//1024x0/5515.jpg,Ebrahim Osdaghi,Sclerotium formation by the causal agent of sunflower white mold on Potato Dextrose Agar plate.,2026-07-21T15:50:39Z
17_esclerotinia,dano_tallo_algodon,SCLESC_danotalloalgodon_030.jpg,SCLESC,https://gd.eppo.int/media/data/taxon/S/SCLESC/pics//1024x0/5511.jpg,Ebrahim Osdaghi,Symptoms,2026-07-21T15:50:41Z
18_clorosis_viral,dano_sintoma_foliar,TYLCV0_danosintomafoliar_001.jpg,TYLCV0,https://gd.eppo.int/media/data/taxon/T/TYLCV0/pics//1024x0/18534.jpg,Aya Mahgoub,Symptoms,2026-07-21T15:50:43Z
18_clorosis_viral,dano_sintoma_foliar,TYLCV0_danosintomafoliar_002.jpg,TYLCV0,https://gd.eppo.int/media/data/taxon/T/TYLCV0/pics//1024x0/18535.jpg,Aya Mahgoub,Symptoms,2026-07-21T15:50:45Z
18_clorosis_viral,dano_sintoma_foliar,TYLCV0_danosintomafoliar_003.jpg,TYLCV0,https://gd.eppo.int/media/data/taxon/T/TYLCV0/pics//1024x0/5146.jpg,Basheer,Symptoms,2026-07-21T15:50:46Z
18_clorosis_viral,dano_sintoma_foliar,TYLCV0_danosintomafoliar_004.jpg,TYLCV0,https://gd.eppo.int/media/data/taxon/T/TYLCV0/pics//1024x0/5149.jpg,Basheer,Symptoms,2026-07-21T15:50:48Z
18_clorosis_viral,dano_sintoma_foliar,TYLCV0_danosintomafoliar_005.jpg,TYLCV0,https://gd.eppo.int/media/data/taxon/T/TYLCV0/pics//1024x0/5147.jpg,Basheer,Symptoms,2026-07-21T15:50:49Z
18_clorosis_viral,dano_sintoma_foliar,TYLCV0_danosintomafoliar_006.jpg,TYLCV0,https://gd.eppo.int/media/data/taxon/T/TYLCV0/pics//1024x0/10213.jpg,Camille PICARD (EPPO),Symptoms,2026-07-21T15:50:51Z
18_clorosis_viral,dano_sintoma_foliar,TYLCV0_danosintomafoliar_007.jpg,TYLCV0,https://gd.eppo.int/media/data/taxon/T/TYLCV0/pics//1024x0/10212.jpg,Camille PICARD (EPPO),Symptoms,2026-07-21T15:50:52Z
18_clorosis_viral,dano_sintoma_foliar,TYLCV0_danosintomafoliar_008.jpg,TYLCV0,https://gd.eppo.int/media/data/taxon/T/TYLCV0/pics//1024x0/10608.jpg,Salvatore Davino,Symptoms,2026-07-21T15:50:54Z
18_clorosis_viral,dano_sintoma_foliar,TYLCV0_danosintomafoliar_009.jpg,TYLCV0,https://gd.eppo.int/media/data/taxon/T/TYLCV0/pics//1024x0/10613.jpg,Salvatore Davino,Symptoms,2026-07-21T15:50:56Z
18_clorosis_viral,dano_sintoma_foliar,TYLCV0_danosintomafoliar_010.jpg,TYLCV0,https://gd.eppo.int/media/data/taxon/T/TYLCV0/pics//1024x0/10612.jpg,Salvatore Davino,Symptoms,2026-07-21T15:50:57Z
18_clorosis_viral,dano_sintoma_foliar,TYLCV0_danosintomafoliar_011.jpg,TYLCV0,https://gd.eppo.int/media/data/taxon/T/TYLCV0/pics//1024x0/10611.jpg,Salvatore Davino,Symptoms,2026-07-21T15:50:59Z
18_clorosis_viral,dano_sintoma_foliar,TYLCV0_danosintomafoliar_012.jpg,TYLCV0,https://gd.eppo.int/media/data/taxon/T/TYLCV0/pics//1024x0/10609.jpg,Salvatore Davino,Symptoms,2026-07-21T15:51:00Z
18_clorosis_viral,dano_sintoma_foliar,TYLCV0_danosintomafoliar_013.jpg,TYLCV0,https://gd.eppo.int/media/data/taxon/T/TYLCV0/pics//1024x0/10607.jpg,Salvatore Davino,Symptoms,2026-07-21T15:51:02Z
18_clorosis_viral,dano_sintoma_foliar,TYLCV0_danosintomafoliar_014.jpg,TYLCV0,https://gd.eppo.int/media/data/taxon/T/TYLCV0/pics//1024x0/15975.jpg,Thirunarayanan P,Symptoms,2026-07-21T15:51:03Z
18_clorosis_viral,dano_sintoma_foliar,TYLCV0_danosintomafoliar_015.jpg,TYLCV0,https://gd.eppo.int/media/data/taxon/T/TYLCV0/pics//1024x0/15974.jpg,Thirunarayanan P,Symptoms,2026-07-21T15:51:05Z
18_clorosis_viral,dano_sintoma_foliar,TYLCV0_danosintomafoliar_016.jpg,TYLCV0,https://gd.eppo.int/media/data/taxon/T/TYLCV0/pics//1024x0/1688.jpg,"Dr Andrea Minuto, Centro di Saggio, CERSAA, Albenga (IT).",Symptoms,2026-07-21T15:51:06Z
18_clorosis_viral,dano_sintoma_foliar,TYLCV0_danosintomafoliar_017.jpg,TYLCV0,https://gd.eppo.int/media/data/taxon/T/TYLCV0/pics//1024x0/1684.jpg,"Central Science Laboratory, York (GB) - British Crown.",Symptoms,2026-07-21T15:51:08Z
18_clorosis_viral,dano_sintoma_foliar,TYLCV0_danosintomafoliar_018.jpg,TYLCV0,https://gd.eppo.int/media/data/taxon/T/TYLCV0/pics//1024x0/1685.jpg,"Central Science Laboratory, York (GB) - British Crown.",Symptoms,2026-07-21T15:51:09Z
18_clorosis_viral,dano_sintoma_foliar,TYLCV0_danosintomafoliar_019.jpg,TYLCV0,https://gd.eppo.int/media/data/taxon/T/TYLCV0/pics//1024x0/1686.jpg,"Dr Andrea Minuto, Centro di Saggio, CERSAA, Albenga (IT).",Symptoms,2026-07-21T15:51:11Z
18_clorosis_viral,dano_sintoma_foliar,TYLCV0_danosintomafoliar_020.jpg,TYLCV0,https://gd.eppo.int/media/data/taxon/T/TYLCV0/pics//1024x0/1687.jpg,"Dr Andrea Minuto, Centro di Saggio, CERSAA, Albenga (IT).",Symptoms,2026-07-21T15:51:13Z
18_clorosis_viral,dano_sintoma_foliar,TYLCV0_danosintomafoliar_021.jpg,TYLCV0,https://gd.eppo.int/media/data/taxon/T/TYLCV0/pics//1024x0/1683.jpg,"Plant Protection Service, Wageningen (NL).",Symptoms,2026-07-21T15:51:16Z
04_pulgon,formas_apteras,INAT_001.jpg,APHIGO,https://www.inaturalist.org/observations/381935090,"(c) Jorge Íñiguez, some rights reserved (CC BY)",Melon Aphid; aphid,2026-07-21T18:35:52Z
04_pulgon,formas_apteras,INAT_002.jpg,APHIGO,https://www.inaturalist.org/observations/381935090,"(c) Jorge Íñiguez, some rights reserved (CC BY)",Melon Aphid; aphid,2026-07-21T18:35:54Z
04_pulgon,formas_apteras,INAT_003.jpg,APHIGO,https://www.inaturalist.org/observations/381935090,"(c) Jorge Íñiguez, some rights reserved (CC BY)",Melon Aphid; aphid,2026-07-21T18:35:56Z
04_pulgon,formas_apteras,INAT_004.jpg,APHIGO,https://www.inaturalist.org/observations/381935090,"(c) Jorge Íñiguez, some rights reserved (CC BY)",Melon Aphid; aphid,2026-07-21T18:35:57Z
04_pulgon,formas_apteras,INAT_005.jpg,APHIGO,https://www.inaturalist.org/observations/381935090,"(c) Jorge Íñiguez, some rights reserved (CC BY)",Melon Aphid; aphid,2026-07-21T18:35:59Z
04_pulgon,formas_apteras,INAT_006.jpg,APHIGO,https://www.inaturalist.org/observations/372870796,"(c) Konstantinos Kalaentzis, all rights reserved",Melon Aphid; aphid,2026-07-21T18:36:00Z
04_pulgon,formas_apteras,INAT_007.jpg,APHIGO,https://www.inaturalist.org/observations/370484030,"(c) Sergio Ibarra, some rights reserved (CC BY-NC)",Melon Aphid; aphid,2026-07-21T18:36:01Z
04_pulgon,formas_apteras,INAT_008.jpg,APHIGO,https://www.inaturalist.org/observations/370484030,"(c) Sergio Ibarra, some rights reserved (CC BY-NC)",Melon Aphid; aphid,2026-07-21T18:36:03Z
04_pulgon,formas_apteras,INAT_009.jpg,APHIGO,https://www.inaturalist.org/observations/370484030,"(c) Sergio Ibarra, some rights reserved (CC BY-NC)",Melon Aphid; aphid,2026-07-21T18:36:04Z
04_pulgon,formas_apteras,INAT_010.jpg,APHIGO,https://www.inaturalist.org/observations/370484030,"(c) Sergio Ibarra, some rights reserved (CC BY-NC)",Melon Aphid; aphid,2026-07-21T18:36:05Z
04_pulgon,formas_apteras,INAT_011.jpg,APHIGO,https://www.inaturalist.org/observations/364407579,"(c) Jamie O'Neill, some rights reserved (CC BY)",Melon Aphid; aphid,2026-07-21T18:36:07Z
04_pulgon,formas_apteras,INAT_012.jpg,APHIGO,https://www.inaturalist.org/observations/364407579,"(c) Jamie O'Neill, some rights reserved (CC BY)",Melon Aphid; aphid,2026-07-21T18:36:08Z
04_pulgon,formas_apteras,INAT_013.jpg,APHIGO,https://www.inaturalist.org/observations/364407579,"(c) Jamie O'Neill, some rights reserved (CC BY)",Melon Aphid; aphid,2026-07-21T18:36:09Z
04_pulgon,formas_apteras,INAT_014.jpg,APHIGO,https://www.inaturalist.org/observations/364407568,"(c) Jamie O'Neill, some rights reserved (CC BY)",Melon Aphid; aphid,2026-07-21T18:36:11Z
04_pulgon,formas_apteras,INAT_015.jpg,APHIGO,https://www.inaturalist.org/observations/364407568,"(c) Jamie O'Neill, some rights reserved (CC BY)",Melon Aphid; aphid,2026-07-21T18:36:12Z
04_pulgon,formas_apteras,INAT_016.jpg,APHIGO,https://www.inaturalist.org/observations/364407568,"(c) Jamie O'Neill, some rights reserved (CC BY)",Melon Aphid; aphid,2026-07-21T18:36:13Z
04_pulgon,formas_apteras,INAT_017.jpg,APHIGO,https://www.inaturalist.org/observations/364407568,"(c) Jamie O'Neill, some rights reserved (CC BY)",Melon Aphid; aphid,2026-07-21T18:36:15Z
04_pulgon,formas_apteras,INAT_018.jpg,APHIGO,https://www.inaturalist.org/observations/364407568,"(c) Jamie O'Neill, some rights reserved (CC BY)",Melon Aphid; aphid,2026-07-21T18:36:16Z
04_pulgon,formas_apteras,INAT_019.jpg,APHIGO,https://www.inaturalist.org/observations/364407568,"(c) Jamie O'Neill, some rights reserved (CC BY)",Melon Aphid; aphid,2026-07-21T18:36:18Z
04_pulgon,formas_apteras,INAT_020.jpg,APHIGO,https://www.inaturalist.org/observations/364407568,"(c) Jamie O'Neill, some rights reserved (CC BY)",Melon Aphid; aphid,2026-07-21T18:36:19Z
04_pulgon,formas_apteras,INAT_021.jpg,APHIGO,https://www.inaturalist.org/observations/364407568,"(c) Jamie O'Neill, some rights reserved (CC BY)",Melon Aphid; aphid,2026-07-21T18:36:21Z
04_pulgon,formas_apteras,INAT_022.jpg,APHIGO,https://www.inaturalist.org/observations/364340953,"(c) Mark Richman, some rights reserved (CC BY)",Melon Aphid; aphid,2026-07-21T18:36:22Z
04_pulgon,formas_apteras,INAT_023.jpg,APHIGO,https://www.inaturalist.org/observations/364340953,"(c) Mark Richman, some rights reserved (CC BY)",Melon Aphid; aphid,2026-07-21T18:36:23Z
04_pulgon,formas_apteras,INAT_024.jpg,APHIGO,https://www.inaturalist.org/observations/364340953,"(c) Mark Richman, some rights reserved (CC BY)",Melon Aphid; aphid,2026-07-21T18:36:24Z
04_pulgon,formas_apteras,INAT_025.jpg,APHIGO,https://www.inaturalist.org/observations/364340953,"(c) Mark Richman, some rights reserved (CC BY)",Melon Aphid; aphid,2026-07-21T18:36:26Z
04_pulgon,formas_aladas,INAT_001.jpg,APHIGO,https://www.inaturalist.org/observations/239956268,"(c) Cherre Bezerra Da Silva, some rights reserved (CC BY-NC)",Melon Aphid; winged,2026-07-21T18:36:33Z
04_pulgon,formas_aladas,INAT_002.jpg,APHIGO,https://www.inaturalist.org/observations/239956268,"(c) Cherre Bezerra Da Silva, some rights reserved (CC BY-NC)",Melon Aphid; winged,2026-07-21T18:36:34Z
07_piojo_harinoso,adulto_ninfa,INAT_001.jpg,PLANCI,https://www.inaturalist.org/observations/381530186,"(c) Slice, some rights reserved (CC BY-NC)",Citrus Mealybug; mealybug,2026-07-21T18:36:47Z
07_piojo_harinoso,adulto_ninfa,INAT_002.jpg,PLANCI,https://www.inaturalist.org/observations/381530186,"(c) Slice, some rights reserved (CC BY-NC)",Citrus Mealybug; mealybug,2026-07-21T18:36:48Z
07_piojo_harinoso,adulto_ninfa,INAT_003.jpg,PLANCI,https://www.inaturalist.org/observations/379511305,"(c) henry0908, some rights reserved (CC BY-NC)",Citrus Mealybug; mealybug,2026-07-21T18:36:50Z
07_piojo_harinoso,adulto_ninfa,INAT_004.jpg,PLANCI,https://www.inaturalist.org/observations/379509325,"(c) henry0908, some rights reserved (CC BY-NC)",Citrus Mealybug; mealybug,2026-07-21T18:36:52Z
07_piojo_harinoso,adulto_ninfa,INAT_005.jpg,PLANCI,https://www.inaturalist.org/observations/379003567,"(c) Vipin Baliga, some rights reserved (CC BY-NC-ND)",Citrus Mealybug; mealybug,2026-07-21T18:36:53Z
07_piojo_harinoso,adulto_ninfa,INAT_006.jpg,PLANCI,https://www.inaturalist.org/observations/379003567,"(c) Vipin Baliga, some rights reserved (CC BY-NC-ND)",Citrus Mealybug; mealybug,2026-07-21T18:36:55Z
07_piojo_harinoso,adulto_ninfa,INAT_007.jpg,PLANCI,https://www.inaturalist.org/observations/357051520,"(c) Rosie Steinberg, some rights reserved (CC BY)",Citrus Mealybug; mealybug,2026-07-21T18:36:56Z
07_piojo_harinoso,adulto_ninfa,INAT_008.jpg,PLANCI,https://www.inaturalist.org/observations/357051520,"(c) Rosie Steinberg, some rights reserved (CC BY)",Citrus Mealybug; mealybug,2026-07-21T18:36:58Z
07_piojo_harinoso,adulto_ninfa,INAT_009.jpg,PLANCI,https://www.inaturalist.org/observations/356944317,"(c) claireramseytulsacc, some rights reserved (CC BY-NC)",Citrus Mealybug; mealybug,2026-07-21T18:36:59Z
07_piojo_harinoso,adulto_ninfa,INAT_010.jpg,PLANCI,https://www.inaturalist.org/observations/353658627,"(c) pippa_74, some rights reserved (CC BY-NC)",Citrus Mealybug; mealybug,2026-07-21T18:37:01Z
07_piojo_harinoso,adulto_ninfa,INAT_011.jpg,PLANCI,https://www.inaturalist.org/observations/353658627,"(c) pippa_74, some rights reserved (CC BY-NC)",Citrus Mealybug; mealybug,2026-07-21T18:37:02Z
07_piojo_harinoso,adulto_ninfa,INAT_012.jpg,PLANCI,https://www.inaturalist.org/observations/353658627,"(c) pippa_74, some rights reserved (CC BY-NC)",Citrus Mealybug; mealybug,2026-07-21T18:37:04Z
07_piojo_harinoso,adulto_ninfa,INAT_013.jpg,PLANCI,https://www.inaturalist.org/observations/353658627,"(c) pippa_74, some rights reserved (CC BY-NC)",Citrus Mealybug; mealybug,2026-07-21T18:37:05Z
07_piojo_harinoso,adulto_ninfa,INAT_014.jpg,PLANCI,https://www.inaturalist.org/observations/350550411,"(c) Noah How, some rights reserved (CC BY)",Citrus Mealybug; mealybug,2026-07-21T18:37:07Z
07_piojo_harinoso,adulto_ninfa,INAT_015.jpg,PLANCI,https://www.inaturalist.org/observations/347182083,"(c) Isaac Capp, some rights reserved (CC BY-NC)",Citrus Mealybug; mealybug,2026-07-21T18:37:08Z
07_piojo_harinoso,adulto_ninfa,INAT_016.jpg,PLANCI,https://www.inaturalist.org/observations/339929529,"(c) Youssef ElNahas, all rights reserved",Citrus Mealybug; mealybug,2026-07-21T18:37:09Z
07_piojo_harinoso,adulto_ninfa,INAT_017.jpg,PLANCI,https://www.inaturalist.org/observations/338598948,"(c) ks_pa, some rights reserved (CC BY-NC)",Citrus Mealybug; mealybug,2026-07-21T18:37:11Z
07_piojo_harinoso,adulto_ninfa,INAT_018.jpg,PLANCI,https://www.inaturalist.org/observations/336293539,"(c) maddysnook, some rights reserved (CC BY-NC)",Citrus Mealybug; mealybug,2026-07-21T18:37:12Z
07_piojo_harinoso,adulto_ninfa,INAT_019.jpg,PLANCI,https://www.inaturalist.org/observations/336293539,"(c) maddysnook, some rights reserved (CC BY-NC)",Citrus Mealybug; mealybug,2026-07-21T18:37:14Z
07_piojo_harinoso,adulto_ninfa,INAT_020.jpg,PLANCI,https://www.inaturalist.org/observations/336293539,"(c) maddysnook, some rights reserved (CC BY-NC)",Citrus Mealybug; mealybug,2026-07-21T18:37:15Z
07_piojo_harinoso,adulto_ninfa,INAT_021.jpg,PLANCI,https://www.inaturalist.org/observations/335284339,"(c) Maks K., some rights reserved (CC BY-NC)",Citrus Mealybug; mealybug,2026-07-21T18:37:16Z
07_piojo_harinoso,adulto_ninfa,INAT_022.jpg,PLANCI,https://www.inaturalist.org/observations/335284339,"(c) Maks K., some rights reserved (CC BY-NC)",Citrus Mealybug; mealybug,2026-07-21T18:37:17Z
07_piojo_harinoso,adulto_ninfa,INAT_023.jpg,PLANCI,https://www.inaturalist.org/observations/335284339,"(c) Maks K., some rights reserved (CC BY-NC)",Citrus Mealybug; mealybug,2026-07-21T18:37:19Z
07_piojo_harinoso,adulto_ninfa,INAT_024.jpg,PLANCI,https://www.inaturalist.org/observations/335284339,"(c) Maks K., some rights reserved (CC BY-NC)",Citrus Mealybug; mealybug,2026-07-21T18:37:20Z
07_piojo_harinoso,adulto_ninfa,INAT_025.jpg,PLANCI,https://www.inaturalist.org/observations/335284339,"(c) Maks K., some rights reserved (CC BY-NC)",Citrus Mealybug; mealybug,2026-07-21T18:37:21Z
08_oruga_spodoptera,larva,INAT_001.jpg,SPODEX,https://www.inaturalist.org/observations/106414129,"(c) Alice Abela, all rights reserved",Beet Armyworm Moth; caterpillar,2026-07-21T18:37:28Z
08_oruga_spodoptera,larva,INAT_002.jpg,SPODEX,https://www.inaturalist.org/observations/72005067,"(c) portioid, some rights reserved (CC BY)",Beet Armyworm Moth; caterpillar,2026-07-21T18:37:29Z
08_oruga_spodoptera,larva,INAT_003.jpg,SPODEX,https://www.inaturalist.org/observations/72005067,"(c) portioid, some rights reserved (CC BY)",Beet Armyworm Moth; caterpillar,2026-07-21T18:37:30Z
08_oruga_spodoptera,larva,INAT_004.jpg,SPODEX,https://www.inaturalist.org/observations/72005067,"(c) portioid, some rights reserved (CC BY)",Beet Armyworm Moth; caterpillar,2026-07-21T18:37:32Z
08_oruga_spodoptera,larva,INAT_005.jpg,SPODEX,https://www.inaturalist.org/observations/72005067,"(c) portioid, some rights reserved (CC BY)",Beet Armyworm Moth; caterpillar,2026-07-21T18:37:33Z
08_oruga_spodoptera,larva,INAT_006.jpg,SPODEX,https://www.inaturalist.org/observations/72005067,"(c) portioid, some rights reserved (CC BY)",Beet Armyworm Moth; caterpillar,2026-07-21T18:37:34Z
08_oruga_spodoptera,larva,INAT_007.jpg,SPODEX,https://www.inaturalist.org/observations/72005066,"(c) portioid, some rights reserved (CC BY)",Beet Armyworm Moth; caterpillar,2026-07-21T18:37:36Z
08_oruga_spodoptera,larva,INAT_008.jpg,SPODEX,https://www.inaturalist.org/observations/72005066,"(c) portioid, some rights reserved (CC BY)",Beet Armyworm Moth; caterpillar,2026-07-21T18:37:37Z
08_oruga_spodoptera,larva,INAT_009.jpg,SPODEX,https://www.inaturalist.org/observations/72005066,"(c) portioid, some rights reserved (CC BY)",Beet Armyworm Moth; caterpillar,2026-07-21T18:37:39Z
08_oruga_spodoptera,larva,INAT_010.jpg,SPODEX,https://www.inaturalist.org/observations/72005066,"(c) portioid, some rights reserved (CC BY)",Beet Armyworm Moth; caterpillar,2026-07-21T18:37:40Z
08_oruga_spodoptera,larva,INAT_011.jpg,SPODEX,https://www.inaturalist.org/observations/72005066,"(c) portioid, some rights reserved (CC BY)",Beet Armyworm Moth; caterpillar,2026-07-21T18:37:41Z
08_oruga_spodoptera,larva,INAT_012.jpg,SPODEX,https://www.inaturalist.org/observations/34315294,"(c) Amal Nael, all rights reserved",Small Mottled Willow; caterpillar,2026-07-21T18:37:43Z
08_oruga_spodoptera,larva,INAT_013.jpg,SPODEX,https://www.inaturalist.org/observations/34315294,"(c) Amal Nael, all rights reserved",Small Mottled Willow; caterpillar,2026-07-21T18:37:44Z
08_oruga_spodoptera,larva,INAT_014.jpg,SPODEX,https://www.inaturalist.org/observations/34315294,"(c) Amal Nael, all rights reserved",Small Mottled Willow; caterpillar,2026-07-21T18:37:45Z
08_oruga_spodoptera,larva,INAT_015.jpg,SPODEX,https://www.inaturalist.org/observations/18547046,"(c) scubaguyjack, all rights reserved",Small Mottled Willow; caterpillar,2026-07-21T18:37:46Z
08_oruga_spodoptera,adulto,INAT_001.jpg,SPODEX,https://www.inaturalist.org/observations/383260629,"(c) Stephen M., some rights reserved (CC BY-SA)",Small Mottled Willow; moth,2026-07-21T18:37:54Z
08_oruga_spodoptera,adulto,INAT_002.jpg,SPODEX,https://www.inaturalist.org/observations/382912987,"(c) Mark Wright, all rights reserved",Small Mottled Willow; moth,2026-07-21T18:37:55Z
08_oruga_spodoptera,adulto,INAT_003.jpg,SPODEX,https://www.inaturalist.org/observations/382852275,"(c) Tig, all rights reserved",Small Mottled Willow; moth,2026-07-21T18:37:56Z
08_oruga_spodoptera,adulto,INAT_004.jpg,SPODEX,https://www.inaturalist.org/observations/382844687,"(c) Tig, all rights reserved",Small Mottled Willow; moth,2026-07-21T18:37:57Z
08_oruga_spodoptera,adulto,INAT_005.jpg,SPODEX,https://www.inaturalist.org/observations/381913965,"(c) Jac French, all rights reserved",Small Mottled Willow; moth,2026-07-21T18:37:58Z
08_oruga_spodoptera,adulto,INAT_006.jpg,SPODEX,https://www.inaturalist.org/observations/381902502,"(c) greengrapegravy, some rights reserved (CC BY-NC)",Beet Armyworm Moth; moth,2026-07-21T18:38:00Z
08_oruga_spodoptera,adulto,INAT_007.jpg,SPODEX,https://www.inaturalist.org/observations/381872043,"(c) Garth Harwood, some rights reserved (CC BY)",Beet Armyworm Moth; moth,2026-07-21T18:38:02Z
08_oruga_spodoptera,adulto,INAT_008.jpg,SPODEX,https://www.inaturalist.org/observations/381373267,"(c) Jacqueline Worthington, some rights reserved (CC BY)",Small Mottled Willow; moth,2026-07-21T18:38:03Z
08_oruga_spodoptera,adulto,INAT_009.jpg,SPODEX,https://www.inaturalist.org/observations/381373267,"(c) Jacqueline Worthington, some rights reserved (CC BY)",Small Mottled Willow; moth,2026-07-21T18:38:05Z
08_oruga_spodoptera,adulto,INAT_010.jpg,SPODEX,https://www.inaturalist.org/observations/381373071,"(c) Jacqueline Worthington, some rights reserved (CC BY)",Small Mottled Willow; moth,2026-07-21T18:38:06Z
08_oruga_spodoptera,adulto,INAT_011.jpg,SPODEX,https://www.inaturalist.org/observations/381373071,"(c) Jacqueline Worthington, some rights reserved (CC BY)",Small Mottled Willow; moth,2026-07-21T18:38:07Z
08_oruga_spodoptera,adulto,INAT_012.jpg,SPODEX,https://www.inaturalist.org/observations/379752896,"(c) Stephen M., some rights reserved (CC BY-SA)",Small Mottled Willow; moth,2026-07-21T18:38:09Z
08_oruga_spodoptera,adulto,INAT_013.jpg,SPODEX,https://www.inaturalist.org/observations/379748171,"(c) JamesHeal, some rights reserved (CC BY-NC)",Beet Armyworm Moth; moth,2026-07-21T18:38:10Z
08_oruga_spodoptera,adulto,INAT_014.jpg,SPODEX,https://www.inaturalist.org/observations/379748159,"(c) JamesHeal, some rights reserved (CC BY-NC)",Beet Armyworm Moth; moth,2026-07-21T18:38:11Z
08_oruga_spodoptera,adulto,INAT_015.jpg,SPODEX,https://www.inaturalist.org/observations/379747596,"(c) mothdragon, some rights reserved (CC BY-NC)",Beet Armyworm Moth; moth,2026-07-21T18:38:13Z
08_oruga_spodoptera,adulto,INAT_016.jpg,SPODEX,https://www.inaturalist.org/observations/379747596,"(c) mothdragon, some rights reserved (CC BY-NC)",Beet Armyworm Moth; moth,2026-07-21T18:38:14Z
08_oruga_spodoptera,adulto,INAT_017.jpg,SPODEX,https://www.inaturalist.org/observations/379747596,"(c) mothdragon, some rights reserved (CC BY-NC)",Beet Armyworm Moth; moth,2026-07-21T18:38:16Z
08_oruga_spodoptera,adulto,INAT_018.jpg,SPODEX,https://www.inaturalist.org/observations/371435587,"(c) Will Taylor, some rights reserved (CC BY)",Small Mottled Willow; moth,2026-07-21T18:38:17Z
08_oruga_spodoptera,adulto,INAT_019.jpg,SPODEX,https://www.inaturalist.org/observations/368338849,"(c) Richard Moore, some rights reserved (CC BY-NC)",Small Mottled Willow; moth,2026-07-21T18:38:19Z
08_oruga_spodoptera,adulto,INAT_020.jpg,SPODEX,https://www.inaturalist.org/observations/368338849,"(c) Richard Moore, some rights reserved (CC BY-NC)",Small Mottled Willow; moth,2026-07-21T18:38:21Z
08_oruga_spodoptera,adulto,INAT_021.jpg,SPODEX,https://www.inaturalist.org/observations/367041560,"(c) Phil Ball, some rights reserved (CC BY-NC)",Beet Armyworm Moth; moth,2026-07-21T18:38:22Z
08_oruga_spodoptera,adulto,INAT_022.jpg,SPODEX,https://www.inaturalist.org/observations/366961184,"(c) Paul Hodges, all rights reserved",Beet Armyworm Moth; moth,2026-07-21T18:38:24Z
08_oruga_spodoptera,adulto,INAT_023.jpg,SPODEX,https://www.inaturalist.org/observations/365682476,"(c) mothdragon, some rights reserved (CC BY-NC)",Beet Armyworm Moth; moth,2026-07-21T18:38:25Z
08_oruga_spodoptera,adulto,INAT_024.jpg,SPODEX,https://www.inaturalist.org/observations/365682476,"(c) mothdragon, some rights reserved (CC BY-NC)",Beet Armyworm Moth; moth,2026-07-21T18:38:26Z
08_oruga_spodoptera,adulto,INAT_025.jpg,SPODEX,https://www.inaturalist.org/observations/365682476,"(c) mothdragon, some rights reserved (CC BY-NC)",Beet Armyworm Moth; moth,2026-07-21T18:38:27Z
10_oruga_plusia,larva,INAT_003.jpg,CHRCHL,https://www.inaturalist.org/observations/347637494,"(c) Stefano Gellato, some rights reserved (CC BY-NC)",Falena del pomodoro; caterpillar,2026-07-21T18:38:34Z
10_oruga_plusia,larva,INAT_004.jpg,CHRCHL,https://www.inaturalist.org/observations/247596035,"(c) swiza, some rights reserved (CC BY-NC)",Plusie chalcite; caterpillar,2026-07-21T18:38:36Z
10_oruga_plusia,larva,INAT_005.jpg,CHRCHL,https://www.inaturalist.org/observations/247596035,"(c) swiza, some rights reserved (CC BY-NC)",Plusie chalcite; caterpillar,2026-07-21T18:38:37Z
10_oruga_plusia,larva,INAT_006.jpg,CHRCHL,https://www.inaturalist.org/observations/247596035,"(c) swiza, some rights reserved (CC BY-NC)",Plusie chalcite; caterpillar,2026-07-21T18:38:38Z
10_oruga_plusia,larva,INAT_007.jpg,CHRCHL,https://www.inaturalist.org/observations/195744048,"(c) plattbauch, some rights reserved (CC BY-NC)",Kupfer-Goldeule; caterpillar,2026-07-21T18:38:39Z
10_oruga_plusia,larva,INAT_008.jpg,CHRCHL,https://www.inaturalist.org/observations/195744048,"(c) plattbauch, some rights reserved (CC BY-NC)",Kupfer-Goldeule; caterpillar,2026-07-21T18:38:41Z
10_oruga_plusia,larva,INAT_009.jpg,CHRCHL,https://www.inaturalist.org/observations/195744048,"(c) plattbauch, some rights reserved (CC BY-NC)",Kupfer-Goldeule; caterpillar,2026-07-21T18:38:43Z
10_oruga_plusia,larva,INAT_010.jpg,CHRCHL,https://www.inaturalist.org/observations/175890597,"(c) Suso Tizón, some rights reserved (CC BY-NC-SA)",Chrysodeixis chalcites; caterpillar,2026-07-21T18:38:44Z
10_oruga_plusia,larva,INAT_011.jpg,CHRCHL,https://www.inaturalist.org/observations/175890597,"(c) Suso Tizón, some rights reserved (CC BY-NC-SA)",Chrysodeixis chalcites; caterpillar,2026-07-21T18:38:46Z
10_oruga_plusia,larva,INAT_012.jpg,CHRCHL,https://www.inaturalist.org/observations/175890597,"(c) Suso Tizón, some rights reserved (CC BY-NC-SA)",Chrysodeixis chalcites; caterpillar,2026-07-21T18:38:47Z
10_oruga_plusia,larva,INAT_013.jpg,CHRCHL,https://www.inaturalist.org/observations/175890597,"(c) Suso Tizón, some rights reserved (CC BY-NC-SA)",Chrysodeixis chalcites; caterpillar,2026-07-21T18:38:49Z
10_oruga_plusia,larva,INAT_014.jpg,CHRCHL,https://www.inaturalist.org/observations/144752061,"(c) diegoreggianti, some rights reserved (CC BY-NC)",Tomato Looper; caterpillar,2026-07-21T18:38:50Z
10_oruga_plusia,larva,INAT_015.jpg,CHRCHL,https://www.inaturalist.org/observations/144752061,"(c) diegoreggianti, some rights reserved (CC BY-NC)",Tomato Looper; caterpillar,2026-07-21T18:38:52Z
10_oruga_plusia,larva,INAT_016.jpg,CHRCHL,https://www.inaturalist.org/observations/144752061,"(c) diegoreggianti, some rights reserved (CC BY-NC)",Tomato Looper; caterpillar,2026-07-21T18:38:53Z
10_oruga_plusia,larva,INAT_017.jpg,CHRCHL,https://www.inaturalist.org/observations/144752061,"(c) diegoreggianti, some rights reserved (CC BY-NC)",Tomato Looper; caterpillar,2026-07-21T18:38:55Z
10_oruga_plusia,larva,INAT_018.jpg,CHRCHL,https://www.inaturalist.org/observations/144752061,"(c) diegoreggianti, some rights reserved (CC BY-NC)",Tomato Looper; caterpillar,2026-07-21T18:38:57Z
10_oruga_plusia,larva,INAT_019.jpg,CHRCHL,https://www.inaturalist.org/observations/144752061,"(c) diegoreggianti, some rights reserved (CC BY-NC)",Tomato Looper; caterpillar,2026-07-21T18:38:58Z
10_oruga_plusia,larva,INAT_020.jpg,CHRCHL,https://www.inaturalist.org/observations/144752061,"(c) diegoreggianti, some rights reserved (CC BY-NC)",Tomato Looper; caterpillar,2026-07-21T18:39:00Z
10_oruga_plusia,larva,INAT_021.jpg,CHRCHL,https://www.inaturalist.org/observations/144752061,"(c) diegoreggianti, some rights reserved (CC BY-NC)",Tomato Looper; caterpillar,2026-07-21T18:39:02Z
10_oruga_plusia,larva,INAT_022.jpg,CHRCHL,https://www.inaturalist.org/observations/144752061,"(c) diegoreggianti, some rights reserved (CC BY-NC)",Tomato Looper; caterpillar,2026-07-21T18:39:03Z
10_oruga_plusia,larva,INAT_023.jpg,CHRCHL,https://www.inaturalist.org/observations/144752061,"(c) diegoreggianti, some rights reserved (CC BY-NC)",Tomato Looper; caterpillar,2026-07-21T18:39:05Z
10_oruga_plusia,larva,INAT_024.jpg,CHRCHL,https://www.inaturalist.org/observations/142404569,"(c) jmneiva, some rights reserved (CC BY-NC)",Tomato Looper; caterpillar,2026-07-21T18:39:06Z
10_oruga_plusia,larva,INAT_025.jpg,CHRCHL,https://www.inaturalist.org/observations/142404569,"(c) jmneiva, some rights reserved (CC BY-NC)",Tomato Looper; caterpillar,2026-07-21T18:39:08Z
